{
  "animal": [
    -0.9361019134521484,
    0.116620272397995
  ],
  "boy": [
    -0.00406230054795742,
    0.6970963478088379
  ],
  "castle": [
    0.29307371377944946,
    -0.07886289060115814
  ],
  "cat": [
    -6.8002848625183105,
    0.6972102522850037
  ],
  "country": [
    -0.06174236163496971,
    -0.18643316626548767
  ],
  "crown": [
    -0.3954680562019348,
    -3.6957359313964844
  ],
  "dog": [
    -0.9381771087646484,
    0.05870072543621063
  ],
  "empire": [
    0.15625110268592834,
    -0.18500006198883057
  ],
  "family": [
    -0.5838146209716797,
    2.1345505714416504
  ],
  "father": [
    -0.2815970182418823,
    0.3759878873825073
  ],
  "girl": [
    -0.01254908088594675,
    1.0508581399917603
  ],
  "house": [
    0.3607330024242401,
    -0.986770510673523
  ],
  "king": [
    2.7999114990234375,
    -1.4588536024093628
  ],
  "marriage": [
    0.16321028769016266,
    1.2436076402664185
  ],
  "mother": [
    0.16356025636196136,
    1.8670012950897217
  ],
  "pet": [
    -0.9203311800956726,
    0.03561360016465187
  ],
  "play": [
    -0.7010942101478577,
    0.09918925911188126
  ],
  "queen": [
    0.12507571280002594,
    -0.21599532663822174
  ],
  "rule": [
    0.11123218387365341,
    -0.24043159186840057
  ],
  "sleep": [
    -0.9290928840637207,
    0.06518078595399857
  ]
}